w_val,q2_val,gen_events,weight,rec_events,weight_rec,flux,cross_section,formfactor,cs_scaled,acceptance,acceptance_no_wt,luminosity_had,q_had,elec_cs,lumi_elec,q_elec,no_of_sec_45nA,no_year_45nA
1.4249999999999998,2.2,15069,4.36943,302,0.09403,0.00016,1.86703,1.38479,2.58544,0.021519969423929437,0.020041144070608533,3.594627414317797e+34,2.714770345380105e-08,0.0002899615103855598,3.205147293416994e+38,0.0002420806112852714,5379.569139672698,0.00017058501838130067
1.4249999999999998,2.7,22759,2.86232,691,0.08323,0.0001,1.30455,1.31678,1.7178,0.0290778110064563,0.03036161518520146,4.0040149261157886e+34,3.023952062620488e-08,0.00012576650995210686,5.4689414874444316e+38,0.00041306204587948875,9179.15657509975,0.0002910691455828181
1.4249999999999998,3.25,18782,1.05351,747,0.04595,6e-05,0.90933,1.25573,1.14188,0.04361610236257843,0.039772122244702376,4.015713086484374e+34,3.032786863895758e-08,5.6091470556916195e-05,8.174972796517954e+38,0.0006174450752657064,13721.001672571254,0.00043509010884612044
1.4249999999999998,3.85,26224,0.6934,1376,0.03736,4e-05,0.65308,1.20075,0.78419,0.053879434669743285,0.052471018913971934,4.733535794500704e+34,3.574908084359719e-08,2.6441427699816962e-05,1.4038543897216276e+39,0.0010603129831734347,23562.510737187436,0.0007471623140914332
1.4249999999999998,4.6,30093,0.34742,1848,0.02338,3e-05,0.45003,1.14412,0.51489,0.06729606815957631,0.061409630146545706,5.7719936891850005e+34,4.359182606438335e-08,1.154487754627322e-05,2.5742514970059875e+39,0.0019442987137507457,43206.638083349906,0.0013700735059408266
1.4249999999999998,5.5,37162,0.18554,2676,0.01495,2e-05,0.31231,1.0887,0.34001,0.08057561711760267,0.07200904149399924,7.300198430126835e+34,5.513328623311558e-08,4.992734513750606e-06,4.971505016722408e+39,0.003754913154624175,83442.51454720389,0.002645944778894086
1.4249999999999998,6.5,37311,0.08061,3063,0.00776,1e-05,0.21319,1.03836,0.22137,0.0962659719637762,0.08209375251266382,9.385089757363819e+34,7.087901032674131e-08,2.160488863873925e-06,9.61623711340206e+39,0.007263018967826329,161400.42150725177,0.0051179737920868775
1.4249999999999998,7.5,37365,0.03896,3107,0.00391,1e-05,0.15362,0.99647,0.15308,0.1003593429158111,0.08315268299210492,1.3018283738439422e+35,9.83179800501429e-08,1.0426870065569384e-06,1.9112531969309458e+40,0.014435447106729197,320787.71348287107,0.010172111665489316
1.4249999999999998,8.5,37615,0.0206,2928,0.00189,0.0,0.11538,0.96082,0.11086,0.09174757281553397,0.07784128672072312,1.966348709989338e+35,1.4850454723882921e-07,5.476538614914263e-07,3.980423280423281e+40,0.030063619942774025,668080.4431727561,0.021184691881429355
1.4249999999999998,9.5,37540,0.01139,2593,0.00114,0.0,0.0883,0.92994,0.08212,0.10008779631255486,0.06907298881193394,2.4333239333111154e+35,1.8377191551326297e-07,3.0340969632392117e-07,6.585964912280701e+40,0.049742937403932784,1105398.608976284,0.0350519599497807
1.4249999999999998,10.5,37973,0.00686,1888,0.00066,0.0,0.07057,0.90281,0.06371,0.09620991253644315,0.049719537566165435,3.2628910356111738e+35,2.4642330908626034e-07,1.806546756906223e-07,1.1506969696969696e+41,0.08691064725807926,1931347.7168462058,0.061242634349511854
1.475,2.2,14965,7.35114,343,0.17283,0.00017,2.8762,1.38479,3.98293,0.023510639166170147,0.022920147009689276,2.13581132888176e+34,1.6130287205511364e-08,0.0004912221850985634,1.731759532488572e+38,0.00013079754777104018,2906.612172689782,9.216806737347101e-05
1.475,2.7,22783,5.00935,836,0.19368,0.00011,2.06284,1.31678,2.71631,0.03866369888308862,0.03669402624764079,1.904352162298998e+34,1.4382238216894477e-08,0.00021987227318614758,2.3526435357290373e+38,0.00017769210994932305,3948.713554429401,0.00012521288541442798
1.475,3.25,18979,1.87425,903,0.1008,7e-05,1.44152,1.25573,1.81015,0.05378151260504202,0.047578902998050475,2.054387757920614e+34,1.5515351996983716e-08,9.875388587386058e-05,3.765674603174603e+38,0.0002844165108137917,6320.3669069731495,0.00020041751988118816
1.475,3.85,26519,1.26125,1631,0.08368,5e-05,1.0536,1.20075,1.26511,0.06634687809712587,0.06150307326822278,2.3827650141381607e+34,1.7995355442475345e-08,4.7560239828047814e-05,6.3381931166347986e+38,0.00047871549219296054,10638.122048732457,0.0003373326372632058
1.475,4.6,30210,0.63227,2206,0.05078,3e-05,0.7289,1.14412,0.83395,0.08031378999478071,0.07302217808672624,2.986069158763437e+34,2.255168913800647e-08,2.092916252896392e-05,1.1898385191020085e+39,0.0008986695763610335,19970.43503024519,0.0006332583406343604
1.475,5.5,37826,0.3476,3200,0.03239,2e-05,0.5117,1.0887,0.55709,0.09318181818181819,0.08459789562734626,3.8527732743625517e+34,2.909729834878447e-08,9.18944641252049e-06,2.3356591540598945e+39,0.0017640930166615515,39202.06703692337,0.0012430893910744347
1.475,6.5,37488,0.15346,3400,0.01504,1e-05,0.35839,1.03836,0.37214,0.09800599504756939,0.09069568928723858,5.48366606481889e+34,4.141428944051726e-08,4.093576611182245e-06,4.985106382978723e+39,0.0037651860898630838,83670.80199695742,0.0026531837264382745
1.475,7.5,37516,0.07473,3541,0.00737,1e-05,0.25967,0.99647,0.25875,0.09862170480396092,0.09438639513807442,7.837492379997248e+34,5.919109115623629e-08,1.9919501012901163e-06,1.0180732700135686e+40,0.007689375151159882,170875.0033591085,0.005418410811742405
1.475,8.5,37778,0.03988,3300,0.00353,1e-05,0.19638,0.96082,0.18869,0.08851554663991977,0.08735242733866272,1.1974614897375778e+35,9.043588020070823e-08,1.0556408491714754e-06,2.140396600566572e+40,0.016166137466514893,359247.49925588653,0.011391663472091786
1.475,9.5,37874,0.02282,2745,0.00177,0.0,0.15453,0.92994,0.14371,0.0775635407537248,0.0724771611131647,1.7942600190984115e+35,1.355078935955299e-07,6.025241590537043e-07,4.2795480225988705e+40,0.03232287026132077,718286.0058071282,0.022776699828993156
1.475,10.5,37664,0.0134,2207,0.00101,0.0,0.12221,0.90281,0.11033,0.07537313432835821,0.058597068819031435,2.405026145685356e+35,1.8163478179029953e-07,3.5577740016992356e-07,7.458217821782177e+40,0.05633095031557535,1251798.8959016744,0.039694282594548276
1.525,2.2,14938,9.93379,470,0.33421,0.00019,3.5827,1.38479,4.96128,0.0336437553038669,0.0314633819788459,1.198206833288513e+34,9.049217077928502e-09,0.0006650013388673182,8.939289668172705e+37,6.75172935662591e-05,1500.3843014724243,4.757687409539651e-05
1.525,2.7,22610,6.66875,1028,0.3239,0.00012,2.53221,1.31678,3.33436,0.04856982193064668,0.045466607695709864,1.2349546139109928e+34,9.326747329589855e-09,0.0002949469261388766,1.396109910466193e+38,0.00010544636785998436,2343.2526191107636,7.430405311741387e-05
1.525,3.25,18811,2.52657,1116,0.16604,8e-05,1.7858,1.25573,2.24248,0.06571755383781173,0.05932698952740418,1.3571255525928932e+34,1.0249418870122295e-08,0.00013431343362925948,2.265839556733317e+38,0.0001711359181822747,3803.020404050549,0.00012059298592245526
1.525,3.85,26320,1.69932,1932,0.13329,5e-05,1.29759,1.20075,1.55808,0.07843725725584351,0.07340425531914893,1.636506910956782e+34,1.2359390612165108e-08,6.456382978723404e-05,3.949283517143071e+38,0.0002982842535606549,6628.538968014554,0.00021018959183201908
1.525,4.6,30325,0.87884,2515,0.08057,3e-05,0.91205,1.14412,1.0435,0.09167766601429157,0.0829348722176422,2.090614672328371e+34,1.578894851090077e-08,2.898070898598516e-05,7.527615737867692e+38,0.0005685510376033,12634.467502295554,0.00040063633632342576
1.525,5.5,37772,0.48453,3573,0.048,2e-05,0.64302,1.0887,0.70006,0.09906507337006996,0.09459387906385683,2.883859954861012e+34,2.177977460056651e-08,1.2827756009742667e-05,1.5738333333333333e+39,0.0011886958710976836,26415.463802170747,0.0008376288623214975
1.525,6.5,37524,0.21321,3814,0.02344,1e-05,0.44631,1.03836,0.46343,0.10993855822897612,0.10164161603240593,3.92550752480079e+34,2.9646609204748806e-08,5.681963543332268e-06,3.201706484641638e+39,0.002418207314684016,53737.94032631147,0.0017040189093832912
1.525,7.5,37975,0.10701,3930,0.01162,1e-05,0.32862,0.99647,0.32746,0.10858798243154846,0.10348913759052007,5.624578393146098e+34,4.2478501571981705e-08,2.817906517445688e-06,6.536144578313253e+39,0.004936665089360462,109703.66865245473,0.003478680512825175
1.525,8.5,37648,0.05707,3591,0.00544,1e-05,0.25164,0.96082,0.24178,0.09532153495707027,0.09538355291117723,8.67797900862719e+34,6.553869804869111e-08,1.5158839779005525e-06,1.3841176470588233e+40,0.010454060778389902,232312.46174199783,0.00736657983707502
1.525,9.5,37813,0.03254,3064,0.00268,0.0,0.19655,0.92994,0.18278,0.08236017209588199,0.0810303334831936,1.3285688855209671e+35,1.0033750362668734e-07,8.605506042895301e-07,2.8218656716417906e+40,0.021313184831131347,473626.3295806966,0.015018592389037817
1.525,10.5,37911,0.01935,2483,0.00141,0.0,0.15583,0.90281,0.14068,0.07286821705426356,0.06549550262456806,1.9510099879612095e+35,1.473461209849112e-07,5.104059507794571e-07,5.377446808510638e+40,0.04061515716397763,902559.0480883918,0.028619959667947482
1.5750000000000002,2.2,14987,10.50426,526,0.42108,0.0002,3.50988,1.38479,4.86044,0.04008659343923322,0.03509708413958764,1.0264912645875409e+34,7.75236964419259e-09,0.0007008914392473477,7.118362306450081e+37,5.376406575868641e-05,1194.757016859698,3.788549647576415e-05
1.5750000000000002,2.7,22812,7.23602,1130,0.40791,0.00013,2.5172,1.31678,3.31459,0.05637214933070942,0.04953533228125548,1.0703740859941868e+34,8.083785862051104e-09,0.0003172023496405401,1.1184820180922262e+38,8.447749381361223e-05,1877.277640302494,5.9528083469764524e-05
1.5750000000000002,3.25,18816,2.73566,1295,0.20633,8e-05,1.77835,1.25573,2.23313,0.0754223843606296,0.06882440476190477,1.1874510938775529e+34,8.967986510668021e-09,0.00014539009353741497,1.823874375999612e+38,0.00013775486223562025,3061.219160791561,9.70706228054148e-05
1.5750000000000002,3.85,26536,1.85432,2145,0.16889,5e-05,1.28676,1.20075,1.54508,0.09107920962940594,0.08083358456436539,1.421214963955126e+34,1.073344131074032e-08,6.98794091046126e-05,3.1424003789448748e+38,0.00023734141834931075,5274.253741095795,0.00016724548899973982
1.5750000000000002,4.6,30588,0.97447,2835,0.09955,3e-05,0.91489,1.14412,1.04675,0.10215809619588084,0.09268340525696352,1.8703127532218363e+34,1.412516239877529e-08,3.1857918137831825e-05,6.145253641386238e+38,0.000464143024273885,10314.289428308555,0.00032706397223200643
1.5750000000000002,5.5,37509,0.52345,3869,0.06131,2e-05,0.63587,1.0887,0.69228,0.11712675518196582,0.1031485776746914,2.4665623533910344e+34,1.862821806050173e-08,1.3955317390492948e-05,1.223585059533518e+39,0.0009241578999497869,20536.842221106377,0.000651218994834677
1.5750000000000002,6.5,37756,0.23715,4115,0.02865,1e-05,0.44691,1.03836,0.46405,0.12080961416824794,0.10898929971395276,3.5674978605731123e+34,2.6942812933865357e-08,6.281120881449306e-06,2.635671902268761e+39,0.0019906887479371306,44237.527731936236,0.0014027628022557153
1.5750000000000002,7.5,38082,0.11743,4094,0.0142,1e-05,0.32481,0.99647,0.32366,0.12092310312526612,0.1075048579381335,5.110126867613641e+34,3.859320948277049e-08,3.083609054146316e-06,5.363661971830985e+39,0.004051104208331559,90024.53796292354,0.0028546593722388234
1.5750000000000002,8.5,37499,0.06215,3807,0.00686,1e-05,0.24792,0.96082,0.23821,0.11037811745776348,0.10152270727219392,7.606537730446577e+34,5.744685243143702e-08,1.6573775300674683e-06,1.093265306122449e+40,0.00825729083174055,183495.35181645668,0.005818599436087541
1.5750000000000002,9.5,37870,0.0359,3426,0.00367,0.0,0.19463,0.92994,0.18099,0.10222841225626741,0.09046738843411671,1.0809455051410398e+35,8.163624387440826e-08,9.479799313440719e-07,2.0637602179836508e+40,0.015587312824649929,346384.7294366651,0.010983787716789227
1.5750000000000002,10.5,37692,0.02131,2518,0.00173,0.0,0.15486,0.90281,0.13981,0.08118254340685124,0.06680462697654675,1.762094138494315e+35,1.3307862989912505e-07,5.653719622200998e-07,4.357456647398843e+40,0.03291130398337495,731362.3107416655,0.02319134673838361
1.625,2.2,15084,12.57825,581,0.51933,0.00021,3.91601,1.38479,5.42284,0.041287937511180005,0.038517634579687085,8.93264379483216e+33,6.74620028308448e-09,0.0008338802704852825,5.809023164461904e+37,4.387479731466695e-05,974.9954958814877,3.091690435950938e-05
1.625,2.7,22610,8.6618,1377,0.57828,0.00014,2.8348,1.31678,3.73281,0.06676210487427556,0.06090225563909774,8.025352000432169e+33,6.0609863306639735e-09,0.00038309597523219813,7.819741301791519e+37,5.906149019479998e-05,1312.4775598844442,4.1618390407294655e-05
1.625,3.25,19027,3.3246,1408,0.26234,9e-05,1.98335,1.25573,2.49055,0.07890874090116104,0.07400010511378567,1.0176761977458601e+34,7.685795617746847e-09,0.00017473064592421296,1.450560341541511e+38,0.00010955893818289357,2434.6430707309682,7.720202532759286e-05
1.625,3.85,26403,2.27143,2292,0.20702,6e-05,1.46401,1.20075,1.7579,0.09114082318187221,0.08680831723667765,1.2483112449809018e+34,9.427620610081578e-09,8.602923910161725e-05,2.5507680417350977e+38,0.000192656196505672,4281.248811237156,0.00013575750923506963
1.625,4.6,30207,1.16878,3030,0.12225,4e-05,1.02266,1.14412,1.17005,0.10459624565786547,0.10030787565796008,1.6342160757466797e+34,1.2342089538151798e-08,3.869235607640613e-05,4.941840490797546e+38,0.00037325079235631006,8294.462052362445,0.00026301566629764224
1.625,5.5,37783,0.64234,4198,0.07558,2e-05,0.71014,1.0887,0.77313,0.1176635426721051,0.11110817034115872,2.1985459647886886e+34,1.660407797589826e-08,1.7000767540957573e-05,9.998147658110612e+38,0.0007551471040869041,16781.046757486758,0.0005321235019497323
1.625,6.5,37861,0.28873,4585,0.03828,2e-05,0.49566,1.03836,0.51468,0.13258061164409657,0.1211008689680674,2.9309788537484084e+34,2.2135630645331984e-08,7.626053194580174e-06,1.978108672936259e+39,0.0014940397831844855,33200.88407076635,0.001052793127561084
1.625,7.5,37791,0.14319,4423,0.01787,1e-05,0.36353,0.99647,0.36225,0.12479921782247363,0.11703844830779815,4.423945194242753e+34,3.341095985380827e-08,3.78899738032865e-06,4.229546726357023e+39,0.0031945216966442766,70989.37103653948,0.0022510581886269494
1.625,8.5,37797,0.07608,4015,0.00877,1e-05,0.27352,0.96082,0.2628,0.11527339642481599,0.10622536180120115,6.602000385290243e+34,4.986028536583523e-08,2.0128581633462973e-06,8.619612314709235e+39,0.0065102812044631675,144672.91565473707,0.004587548061096431
1.625,9.5,37957,0.04377,3484,0.00453,1e-05,0.21462,0.92994,0.19958,0.10349554489376285,0.09178807598071502,9.68258508430618e+34,7.312578418779684e-08,1.1531469821113365e-06,1.6758057395143486e+40,0.012657143047691452,281269.8455042545,0.008919008292245513
1.625,10.5,37725,0.02571,2723,0.00219,0.0,0.16885,0.90281,0.15244,0.08518086347724621,0.07218025182239894,1.5402421972444582e+35,1.1632370646057383e-07,6.815109343936381e-07,3.4452054794520547e+40,0.02602118942184331,578248.6538187403,0.018336144527484152
1.6749999999999998,2.2,15322,16.95549,764,0.8254,0.00023,4.91152,1.38479,6.80142,0.048680397912416566,0.04986294217465083,6.040547197780576e+33,4.562002264013726e-09,0.0011066107557760085,3.7126241822146836e+37,2.8040968143615433e-05,623.1326254136764,1.9759405930164775e-05
1.6749999999999998,2.7,22700,11.61259,1422,0.75404,0.00014,3.55726,1.31678,4.68412,0.06493297360881595,0.0626431718061674,6.575619751375896e+33,4.966105091289098e-09,0.0005115678414096917,6.020900747970929e+37,4.547508117802816e-05,1010.5573595117369,3.204456365777958e-05
1.6749999999999998,3.25,18905,4.48452,1520,0.35254,9e-05,2.51799,1.25573,3.16191,0.0786126497373186,0.08040201005025126,8.046148739815713e+33,6.076692651473236e-09,0.00023721343559904786,1.0725024110739207e+38,8.100471382733539e-05,1800.1047517185643,5.708094722598187e-05
1.6749999999999998,3.85,26384,3.14139,2496,0.29881,6e-05,1.88684,1.20075,2.26563,0.09512031298246955,0.09460278956943602,9.280422286874608e+33,7.00885302233563e-09,0.00011906420557913887,1.765938221612396e+38,0.00013337901975924438,2963.9782168720976,9.39871327014237e-05
1.6749999999999998,4.6,30267,1.64445,3253,0.17098,4e-05,1.33166,1.14412,1.52358,0.10397397306090182,0.1074767899031949,1.262525309411752e+34,9.534969484266686e-09,5.433145009416196e-05,3.54041408351854e+38,0.00026740287639868125,5942.2861421929165,0.00018842865747694434
1.6749999999999998,5.5,37887,0.92684,4487,0.10517,3e-05,0.94381,1.0887,1.02752,0.11347158085537958,0.11843112413228812,1.7153494452057524e+34,1.295483305796958e-08,2.44632723625518e-05,7.204906342112768e+38,0.0005441772161716592,12092.827026036872,0.0003834610294912757
1.6749999999999998,6.5,37943,0.42258,4779,0.05188,2e-05,0.66618,1.03836,0.69173,0.12276965308343983,0.1259520860237725,2.355062058710786e+34,1.778613442119769e-08,1.1137232164035528e-05,1.4627216653816497e+39,0.001104774671738406,24550.548260853466,0.0007784927784390368
1.6749999999999998,7.5,37859,0.21132,4483,0.02418,1e-05,0.49135,0.99647,0.48962,0.1144236229415105,0.11841305898201221,3.5698926082646967e+34,2.6960898786078818e-08,5.581763913468396e-06,3.131430934656741e+39,0.002365129104725635,52558.424549458556,0.0016666167094577169
1.6749999999999998,8.5,37846,0.11525,4221,0.01193,1e-05,0.37872,0.96082,0.36388,0.10351409978308025,0.11153094118268773,5.309728316060092e+34,4.0100659437052275e-08,3.045235956243725e-06,6.344677284157586e+39,0.004792052329424158,106490.05176498128,0.003376777389807879
1.6749999999999998,9.5,37386,0.06557,3515,0.00568,1e-05,0.29802,0.92994,0.27714,0.08662498093640385,0.09401915155405767,8.330817698280321e+34,6.29168317972987e-08,1.7538650831862195e-06,1.316408450704225e+40,0.009942662014382363,220948.04476405252,0.007006216538687612
1.6749999999999998,10.5,37855,0.03988,2811,0.00266,0.0,0.23786,0.90281,0.21474,0.06670010030090272,0.07425703341698586,1.396338009034881e+35,1.0545563092174916e-07,1.0534935939770175e-06,2.8462406015037593e+40,0.02149728550984712,477717.4557743805,0.015148321149618863
1.725,2.2,15029,20.35341,777,0.93724,0.00024,5.7202,1.38479,7.92127,0.046048303453819286,0.05170004657661854,5.483041648942839e+33,4.140957366469933e-09,0.001354275733581742,3.20707609577056e+37,2.4222629122134138e-05,538.2806471585365,1.7068767350283372e-05
1.725,2.7,22492,14.10074,1629,0.91059,0.00015,4.12491,1.31678,5.43159,0.06457746189207092,0.07242575137826783,5.701932132322038e+33,4.3062700191239615e-09,0.0006269224613195803,4.940093785347961e+37,3.731188659628368e-05,829.1530354729707,2.6292270277554882e-05
1.725,3.25,18806,5.60546,1613,0.44387,0.0001,2.97911,1.25573,3.74096,0.07918529433802043,0.08577049877698607,6.751533015676e+33,5.098960060173702e-09,0.0002980676379878762,8.4736521954626355e+37,6.40003942255486e-05,1422.230982789969,4.5098648617134985e-05
1.725,3.85,26150,3.85978,2723,0.37419,7e-05,2.1931,1.20075,2.63336,0.09694593992403712,0.1041300191204589,7.834118483805648e+33,5.916561048112414e-09,0.00014760152963671128,1.3976856677089178e+38,0.00010556538275747113,2345.8973946104697,7.43879183983533e-05
1.725,4.6,30351,2.11217,3458,0.21171,4e-05,1.59244,1.14412,1.82195,0.10023340924262726,0.11393364304306283,1.0951687399486122e+34,8.271042519059074e-09,6.959144673981088e-05,2.867224032875159e+38,0.00021655770641051047,4812.393475789122,0.0001525999960612989
1.725,5.5,37915,1.20202,4697,0.12841,3e-05,1.13728,1.0887,1.23815,0.10682850534932863,0.1238823684557563,1.5120619384859346e+34,1.1419544886986893e-08,3.170301991296321e-05,5.905303325286192e+38,0.00044601988861678186,9911.55308037293,0.00031429328641466677
1.725,6.5,37929,0.55475,4850,0.06266,2e-05,0.8105,1.03836,0.84159,0.11295178008111761,0.12787049487199767,2.103954529217144e+34,1.5889695107749745e-08,1.4626011758812518e-05,1.21062879029684e+39,0.0009143721981093956,20319.38218020879,0.0006443233821730337
1.725,7.5,37778,0.28125,4729,0.03001,1e-05,0.60528,0.99647,0.60314,0.10670222222222221,0.12517867541955635,3.1076950762077e+34,2.3470244514822896e-08,7.444809148181481e-06,2.5176941019660114e+39,0.0019015816480105823,42257.36995579072,0.001339972411079107
1.725,8.5,37850,0.15382,4462,0.01491,1e-05,0.46552,0.96082,0.44728,0.09693147835131971,0.11788639365918098,4.613023637562572e+34,3.4838936919889525e-08,4.063936591809776e-06,5.077129443326627e+39,0.0038346899118781165,85215.33137506926,0.002702160431731014
1.725,9.5,37522,0.08859,3697,0.00699,1e-05,0.36868,0.92994,0.34285,0.07890281070098204,0.09852886306700069,7.393215541775862e+34,5.5835779335215324e-08,2.3610148712755184e-06,1.0735908440629471e+40,0.008108692175702016,180193.15946004482,0.005713887603375343
1.725,10.5,37824,0.05425,2926,0.00332,0.0,0.29692,0.90281,0.26806,0.06119815668202765,0.0773582910321489,1.2191570130405976e+35,9.207439113666622e-08,1.4342745346869712e-06,2.27855421686747e+40,0.017209623994467294,382436.0887659399,0.012126968821852482
1.775,2.2,15016,18.2017,823,0.98505,0.00025,4.90257,1.38479,6.78903,0.054118571342237264,0.054808204581779436,5.443471388980571e+33,4.111072720323669e-09,0.0012121537027171016,3.048779249784275e+37,2.3027033608642557e-05,511.7118579698346,1.6226276571849146e-05
1.775,2.7,22937,13.17364,1726,0.95297,0.00016,3.59779,1.31678,4.73749,0.07233915607227766,0.07524959672145441,5.835905509888082e+33,4.407450728712394e-09,0.0005743401491040676,4.81379266923408e+37,3.6357950673973406e-05,807.9544594216312,2.5620067840614893e-05
1.775,3.25,18861,5.17512,1817,0.46705,0.00011,2.59809,1.25573,3.2625,0.09024911499636724,0.09633635544244738,6.792607550201989e+33,5.129980779549874e-09,0.000274382058215365,8.076651322128251e+37,6.100189820338557e-05,1355.5977378530126,4.298572228098087e-05
1.775,3.85,26312,3.62811,2867,0.36826,7e-05,1.93267,1.20075,2.32066,0.10150188390098426,0.10896169048342962,8.490717200365492e+33,6.412444075496934e-09,0.0001378880358771663,1.4289903872264162e+38,0.00010792978755486527,2398.4397234414505,7.605402471592626e-05
1.775,4.6,30049,1.92982,3650,0.22601,5e-05,1.38037,1.14412,1.57931,0.11711454954348073,0.12146826849479184,1.0813138310220256e+34,8.16640609487218e-09,6.422243668674499e-05,2.659085881155701e+38,0.0002008373022020922,4463.051160046493,0.00014152242389797354
1.775,5.5,37655,1.09394,4917,0.13465,3e-05,0.97487,1.0887,1.06133,0.12308718942537983,0.13058026822467136,1.530970069086609e+34,1.1562344755581971e-08,2.9051653166910102e-05,5.593018937987374e+38,0.0004224334545307684,9387.410100683743,0.0002976728215589721
1.775,6.5,37998,0.51684,5173,0.06712,2e-05,0.70244,1.03836,0.72939,0.12986610943425433,0.13613874414442864,2.1114186865799212e+34,1.5946066660976672e-08,1.3601768514132323e-05,1.1322407628128723e+39,0.0008551667392846466,19003.70531743659,0.0006026035425366753
1.775,7.5,37864,0.26039,4814,0.03139,1e-05,0.51945,0.99647,0.51761,0.12054994431429779,0.12713923515740544,3.2052382990784233e+34,2.4206920165232405e-08,6.876980773293894e-06,2.412488053520229e+39,0.0018221208863445837,40491.57525210186,0.0012839794283391
1.775,8.5,37950,0.14241,4563,0.0162,1e-05,0.39827,0.96082,0.38266,0.11375605645670948,0.12023715415019763,4.594543846098752e+34,3.46993719968186e-08,3.7525691699604745e-06,4.6851851851851853e+39,0.0035386595054268766,78636.87789837504,0.002493559040410167
1.775,9.5,37628,0.08212,3685,0.00736,1e-05,0.31499,0.92994,0.29293,0.08962493911349245,0.09793239077282874,7.617935135119088e+34,5.7532929047043936e-08,2.1824173487828214e-06,1.0224999999999999e+40,0.007722809667673714,171617.99261497142,0.00544197084649199
1.775,10.5,37908,0.05081,3199,0.00397,1e-05,0.25591,0.90281,0.23104,0.07813422554615232,0.08438851957370476,1.1079024121353366e+35,8.367211027379628e-08,1.3403503218318033e-06,1.909722921914358e+40,0.014423889138325964,320530.869740577,0.01016396720384884
1.825,2.2,15213,17.84117,909,1.08243,0.00026,4.5671,1.38479,6.32447,0.06067034841324868,0.059751528298166046,5.212299588874135e+33,3.936484849236564e-09,0.0011727581673568659,2.8108977023918407e+37,2.12303451842284e-05,471.7854485384089,1.4960218434120019e-05
1.825,2.7,22788,12.79045,1828,0.98559,0.00017,3.36608,1.31678,4.43237,0.07705671027993542,0.08021765841671055,5.855763453141433e+33,4.4224480425507385e-09,0.0005612800596805336,4.624235229659392e+37,3.49262479581525e-05,776.1388435145001,2.461120127836441e-05
1.825,3.25,18786,5.06252,1879,0.49046,0.00011,2.43089,1.25573,3.05254,0.09688060491612872,0.10002129245182582,6.762881694663256e+33,5.107530922636701e-09,0.0002694836580432237,7.660563552583288e+37,5.785924133371063e-05,1285.7609185269027,4.077121126734217e-05
1.825,3.85,26729,3.62874,2962,0.39917,8e-05,1.80497,1.20075,2.16731,0.11000236996863925,0.11081596767555839,8.388936727973525e+33,6.335576412637659e-09,0.00013576041004152793,1.3392288999674322e+38,0.00010115021903077281,2247.782645128285,7.127672010173405e-05
1.825,4.6,30042,1.92945,3879,0.24409,5e-05,1.30375,1.14412,1.49165,0.12650755396615615,0.12911923307369683,1.059855369772584e+34,8.004345364946634e-09,6.422508488116637e-05,2.4615510672293002e+38,0.00018591775432245467,4131.505651610104,0.00013100918479230417
1.825,5.5,37853,1.12035,5081,0.14927,3e-05,0.93411,1.0887,1.01697,0.13323514972999512,0.13422978363669988,1.476056697359443e+34,1.114762251611995e-08,2.959738990304599e-05,5.071749179339452e+38,0.0003830626268383271,8512.502818629491,0.0002699296936399509
1.825,6.5,38055,0.52158,5249,0.07083,2e-05,0.66322,1.03836,0.68866,0.13579891867019442,0.1379319406122717,2.138596371523023e+34,1.6151320682146535e-08,1.3705951911706742e-05,1.0745446844557388e+39,0.0008115896408275972,18035.325351724383,0.0005718964152626961
1.825,7.5,37789,0.26553,4989,0.03417,1e-05,0.49571,0.99647,0.49396,0.12868602417805897,0.13202254624361587,3.1463485400565964e+34,2.3762167057296248e-08,7.026647966339411e-06,2.2118232367573897e+39,0.0016705613570675148,37123.58571261144,0.0011771811806383639
1.825,8.5,37771,0.14457,4641,0.01702,1e-05,0.37839,0.96082,0.36356,0.11772843605173965,0.12287204469037091,4.672749785092942e+34,3.5290006684487135e-08,3.827539646818988e-06,4.438425381903643e+39,0.0033522850316492765,74495.22292553948,0.0023622280227530274
1.825,9.5,37502,0.08419,3896,0.0084,1e-05,0.30107,0.92994,0.27998,0.09977431999049767,0.10388779265105862,7.15952500008504e+34,5.407087833309448e-08,2.244946936163405e-06,8.929047619047619e+39,0.006743993669975542,149866.5259994565,0.004752236364772212
1.825,10.5,37889,0.05192,3259,0.00421,1e-05,0.24255,0.90281,0.21898,0.08108628659476118,0.08601441051492517,1.1263623680423747e+35,8.506626146381502e-08,1.3703185621156537e-06,1.7999524940617574e+40,0.013594807356961912,302106.83015470917,0.009579744741080327
1.875,2.2,15025,17.70417,959,1.1867,0.00027,4.44043,1.38479,6.14905,0.06702940606648038,0.06382695507487521,4.8524000663177814e+33,3.664677944504026e-09,0.001178314143094842,2.5322322406673974e+37,1.9125621153077017e-05,425.01380340171147,1.3477099296096888e-05
1.875,2.7,22752,12.80098,1983,1.20212,0.00017,3.24659,1.31678,4.27504,0.09390843513543495,0.08715717299578059,4.9817876238797734e+33,3.762395305399723e-09,0.0005626309774964838,3.7853126143812596e+37,2.8589974428861473e-05,635.3327650858105,2.014626982134102e-05
1.875,3.25,18705,5.05358,1963,0.56269,0.00012,2.33343,1.25573,2.93015,0.11134482881442463,0.1049452018176958,6.130135729103433e+33,4.62966220761531e-09,0.0002701726811013098,6.648420977803053e+37,5.021465995319526e-05,1115.881332293228,3.538436492558435e-05
1.875,3.85,26403,3.65924,3132,0.45546,8e-05,1.75662,1.20075,2.10926,0.12446846886238672,0.11862288376320873,7.617992341877065e+33,5.753336108962363e-09,0.0001385918266863614,1.1593992886312738e+38,8.756792210205995e-05,1945.953824490221,6.170579098459605e-05
1.875,4.6,29982,2.00047,3919,0.27412,5e-05,1.28563,1.14412,1.47092,0.13702779846736016,0.13071176038956708,9.922754860036336e+33,7.493961830704882e-09,6.672236675338537e-05,2.1875091200933897e+38,0.00016521972206143425,3671.5493791429835,0.00011642406707074403
1.875,5.5,37798,1.1699,5237,0.16405,3e-05,0.92331,1.0887,1.0052,0.14022566031284725,0.13855230435472776,1.418894227917905e+34,1.0715914416720072e-08,3.09513730885232e-05,4.608107284364523e+38,0.00034804435682511496,7734.319040558111,0.0002452536479121674
1.875,6.5,38203,0.5512,5498,0.08198,2e-05,0.65738,1.03836,0.6826,0.1487300435413643,0.14391539931418998,1.9699944681468835e+34,1.4877988582032198e-08,1.4428186268094129e-05,9.320078067821419e+38,0.0007039333888082642,15642.964195739205,0.0004960351406563674
1.875,7.5,37762,0.28171,5121,0.03827,2e-05,0.49397,0.99647,0.49223,0.1358489226509531,0.13561252052327738,2.9909263431647843e+34,2.25883720501834e-08,7.460145119432234e-06,1.9734517899137704e+39,0.0014905224999348717,33122.72222077493,0.00105031463155679
1.875,8.5,37627,0.15477,4777,0.01886,1e-05,0.38059,0.96082,0.36568,0.12185824126122634,0.1269567066202461,4.48821736369704e+34,3.389636253830556e-08,4.113269726526165e-06,3.9901378579003183e+39,0.003013699288444349,66971.0952987633,0.002123639500848659
1.875,9.5,37656,0.09173,3892,0.00892,1e-05,0.30498,0.92994,0.28361,0.09724190559249973,0.10335670278308902,7.251953236483563e+34,5.476892407283107e-08,2.4359995751009137e-06,8.443049327354258e+39,0.00637692547383252,141709.45497405602,0.00449357733935997
1.875,10.5,37863,0.05682,3230,0.00456,1e-05,0.24742,0.90281,0.22337,0.08025343189017951,0.08530755618941975,1.1156848561390942e+35,8.425986376701866e-08,1.5006734807067586e-06,1.6606578947368419e+40,0.012542733343933849,278727.4076429744,0.008838388116532673
1.925,2.2,14917,17.6409,1013,1.29448,0.00027,4.33203,1.38479,5.99894,0.07337947610382692,0.06790909700341892,4.543398922009706e+33,3.431311020323016e-09,0.0011826037406985318,2.3047092268710214e+37,1.7407169387243362e-05,386.8259863831858,1.2266171562125374e-05
1.925,2.7,22833,12.98876,2132,1.28228,0.00018,3.17285,1.31678,4.17794,0.0987222798789107,0.0933736258923488,4.8490048734320037e+33,3.6621137930911587e-09,0.0005688591074322252,3.5613126618211305e+37,2.6898131886866543e-05,597.7362641525898,1.8954092597431183e-05
1.925,3.25,18991,5.34729,2140,0.6075,0.00012,2.33909,1.25573,2.93727,0.11360894958006766,0.11268495603180453,5.993404390328519e+33,4.5263986030726666e-09,0.00028156969090621875,6.252181069958846e+37,4.7221911404523e-05,1049.3758089894,3.3275488615848556e-05
1.925,3.85,26616,3.79209,3373,0.509,8e-05,1.72946,1.20075,2.07664,0.13422677204391245,0.1267282837391043,7.175127692293022e+33,5.4188714540389864e-09,0.00014247407574391344,1.0458153241650295e+38,7.898907282213213e-05,1755.312729380714,5.5660601515116503e-05
1.925,4.6,30182,2.07516,4111,0.29647,5e-05,1.26322,1.14412,1.44528,0.1428660922531275,0.13620701080113976,9.686097513376621e+33,7.315231110472487e-09,6.87548870187529e-05,2.036091341451074e+38,0.00015378333394645572,3417.4074210323492,0.0001083652784447092
1.925,5.5,37672,1.20197,5515,0.18113,4e-05,0.90372,1.0887,0.98388,0.15069427689543002,0.1463952006795498,1.3489352519855199e+34,1.018756326550502e-08,3.1906190273943515e-05,4.159664329487108e+38,0.0003141740430126214,6981.645400280476,0.00022138652334730073
1.925,6.5,37934,0.5787,5351,0.08166,2e-05,0.65743,1.03836,0.68265,0.14110938310005183,0.141060789792798,2.0762326097355935e+34,1.5680330864251894e-08,1.5255443665313439e-05,9.290717609600784e+38,0.0007017158315408446,15593.685145352103,0.000494472512219435
1.925,7.5,37892,0.29965,5202,0.04164,2e-05,0.49365,0.99647,0.49191,0.13896212247622225,0.13728491502164045,2.9258220290564544e+34,2.2096684759885613e-08,7.908001689010874e-06,1.8199807877041305e+39,0.0013746078456979836,30546.841015510745,0.0009686339743629739
1.925,8.5,37720,0.16667,4641,0.01961,1e-05,0.38433,0.96082,0.36927,0.11765764684706305,0.12303817603393426,4.603263240523598e+34,3.4765223476501755e-08,4.418610816542949e-06,3.8470168281489034e+39,0.0029056018339493226,64568.92964331828,0.002047467327603954
1.925,9.5,37833,0.0995,3943,0.00962,1e-05,0.30876,0.92994,0.28713,0.09668341708542713,0.10422118256548515,7.2044268053044565e+34,5.440999022207126e-08,2.6299791187587557e-06,7.865488565488565e+39,0.005940701333450577,132015.5851877906,0.004186186744919793
1.925,10.5,37686,0.06133,3333,0.00488,1e-05,0.25101,0.90281,0.22662,0.07956954182292515,0.08844133099824869,1.1091362590080023e+35,8.37652940871537e-08,1.6273947885156292e-06,1.5445081967213115e+40,0.011665469763756127,259232.66141680285,0.008220213768924494
1.975,2.2,14867,17.80901,1086,1.37307,0.00028,4.28284,1.38479,5.93083,0.07709973771703199,0.07304768951368804,4.373827182693205e+33,3.3032453611458385e-09,0.0011978886123629516,2.165512319109732e+37,1.6355833225904318e-05,363.4629605756515,1.1525334873657137e-05
1.975,2.7,22586,13.0493,2142,1.27459,0.00018,3.1278,1.31678,4.11861,0.09767497107124519,0.09483750996192332,4.9715983449033065e+33,3.754700056569221e-09,0.0005777605596387142,3.544041613381558e+37,2.6767685901673396e-05,594.8374644816311,1.8862172262862476e-05
1.975,3.25,18706,5.24428,2148,0.65635,0.00012,2.24955,1.25573,2.82482,0.12515540741531725,0.11482946648134289,5.657044537786581e+33,4.272369562560668e-09,0.0002803528279696354,5.700007617886798e+37,4.305141705352566e-05,956.6981567450147,3.0336699541635422e-05
1.975,3.85,26130,3.85446,3383,0.53211,9e-05,1.72208,1.20075,2.06779,0.13805046621316605,0.12946804439341753,7.00625092552215e+33,5.291330658954875e-09,0.0001475109070034443,9.821277555392681e+37,7.417883349994472e-05,1648.4185222209937,5.2271008441812334e-05
1.975,4.6,29818,2.10293,4155,0.30714,6e-05,1.24072,1.14412,1.41954,0.1460533636402543,0.13934536186196259,9.646522857388501e+33,7.285343144315762e-09,7.05255214970823e-05,1.941655271211825e+38,0.00014665070024258496,3258.9044498352214,0.00010333918219923964
1.975,5.5,37906,1.25018,5549,0.1867,4e-05,0.89069,1.0887,0.96969,0.14933849525668302,0.14638843454862027,1.3811005801151596e+34,1.0430485462692843e-08,3.298105840763995e-05,4.060632029994644e+38,0.00030669426208418756,6815.428046315279,0.00021611580562897256
1.975,6.5,37373,0.58892,5638,0.08787,2e-05,0.64495,1.03836,0.66969,0.14920532500169803,0.1508575709736976,2.0015749572615466e+34,1.511649389971714e-08,1.5757900088299038e-05,8.506429953340162e+38,0.0006424796037265983,14277.32452725774,0.00045273099084404303
1.975,7.5,37729,0.31284,5321,0.04303,2e-05,0.48997,0.99647,0.48825,0.13754634957166603,0.1410320973256646,2.9780958735251687e+34,2.2491472498490812e-08,8.291764955339395e-06,1.7536137578433648e+39,0.0013244816902140215,29432.92644920048,0.0009333119751775901
1.975,8.5,37699,0.17381,4925,0.02182,1e-05,0.37852,0.96082,0.36369,0.1255393820838847,0.1306400700283827,4.380449209131203e+34,3.308246513957558e-08,4.610467121143796e-06,3.455453712190651e+39,0.0026098592992376515,57996.87331639226,0.0018390687885715454
1.975,9.5,37636,0.10263,4061,0.00996,1e-05,0.30137,0.92994,0.28026,0.09704764688687519,0.10790200871506005,7.353326816149204e+34,5.553452772561893e-08,2.7269104049314484e-06,7.557429718875501e+39,0.005708028488576662,126845.07752392582,0.004022231022448181
1.975,10.5,37776,0.06423,3314,0.00495,1e-05,0.24629,0.90281,0.22236,0.07706679121905653,0.08772765777213046,1.167094583176612e+35,8.814248041512061e-08,1.7002858958068614e-06,1.5263030303030299e+40,0.011527968506820465,256177.07792934368,0.008123321852148138
2.025,2.2,15120,17.34438,1094,1.28575,0.00029,4.01789,1.38479,5.56393,0.07413064058790224,0.07235449735449735,4.848982147324928e+33,3.66209662965405e-09,0.0011471150793650794,2.351934668481431e+37,1.776385701269963e-05,394.75237805999177,1.2517515793378734e-05
2.025,2.7,22683,12.6729,2303,1.39929,0.00019,2.94686,1.31678,3.88036,0.11041592689913121,0.10152978001146233,4.6679506289403167e+33,3.5253762019034184e-09,0.0005586959396905171,3.242072765473919e+37,2.448695442200845e-05,544.1545427112989,1.725502735639583e-05
2.025,3.25,19131,5.24105,2263,0.65226,0.00013,2.1314,1.25573,2.67646,0.12445216130355556,0.11828968689561445,6.004360997849601e+33,4.534673361414999e-09,0.00027395588312163505,5.866065679330329e+37,4.430563201911124e-05,984.5696004246942,3.122049722300527e-05
2.025,3.85,26786,3.81205,3638,0.5429,9e-05,1.60402,1.20075,1.92603,0.14241680985296626,0.1358172179496752,7.291312210279161e+33,5.506617483784578e-09,0.00014231501530650342,9.867747283109226e+37,7.452981331653493e-05,1656.2180737007764,5.2518330596802905e-05
2.025,4.6,30318,2.09941,4321,0.31509,6e-05,1.17099,1.14412,1.33976,0.15008502388766365,0.1425225938386437,9.946393336038793e+33,7.511814316168562e-09,6.924632231677552e-05,1.924402551651909e+38,0.00014534762474712303,3229.947216602734,0.00010242095435701212
2.025,5.5,37634,1.21377,5569,0.18151,4e-05,0.83365,1.0887,0.90759,0.14954233503876352,0.14797789233140246,1.4735882023695915e+34,1.1128979702209737e-08,3.225195302120423e-05,4.146768773070354e+38,0.0003132000583889995,6960.001297533322,0.00022070019335151326
2.025,6.5,38119,0.58771,5603,0.08725,3e-05,0.6016,1.03836,0.62468,0.14845757261234283,0.14698706681707285,2.1566021745827273e+34,1.6287305902746976e-08,1.5417770665547364e-05,8.737879656160458e+38,0.0006599606991057747,14665.79331346166,0.0004650492552467548
2.025,7.5,38007,0.30634,5424,0.04352,2e-05,0.45257,0.99647,0.45097,0.14206437291897892,0.1427105533191254,3.1217431314721595e+34,2.3576339638034583e-08,8.060094193174942e-06,1.7466452205882352e+39,0.0013192184445530476,29315.96543451217,0.0009296031657316137
2.025,8.5,37750,0.17206,4883,0.02163,1e-05,0.35453,0.96082,0.34064,0.1257119609438568,0.12935099337748343,4.6704395001375665e+34,3.527255872016892e-08,4.557880794701987e-06,3.490522422561257e+39,0.0026363462406051785,58585.47201344841,0.001857733130817111
2.025,9.5,38013,0.10201,4056,0.01015,1e-05,0.28025,0.92994,0.26062,0.09950004901480246,0.1067003393575882,7.712567190099547e+34,5.82476186851412e-08,2.683555625706995e-06,7.49024630541872e+39,0.005657285729168217,125717.4606481826,0.0039864745258809805
2.025,10.5,37948,0.06336,3292,0.00499,1e-05,0.22799,0.90281,0.20583,0.07875631313131312,0.0867502898703489,1.2337749394722985e+35,9.317838074709602e-08,1.6696532096553177e-06,1.5209619238476957e+40,0.011487627823623078,255280.61830273506,0.008094895303866536
2.075,2.2,15251,17.24992,1184,1.3472,0.00029,3.89425,1.38479,5.39272,0.07809891292249471,0.07763425349157432,4.748726258526979e+33,3.586380378012974e-09,0.0011310681266802176,2.264103325415677e+37,1.7100478288638044e-05,380.01062863640095,1.2050057985679888e-05
2.075,2.7,22792,12.55211,2453,1.3301,0.00019,2.84002,1.31678,3.73967,0.10596624790573059,0.10762548262548262,5.0469518141052116e+33,3.811609254667481e-09,0.000550724376974377,3.4271107435531163e+37,2.588452223227429e-05,575.2116051616508,1.8239840346323275e-05
2.075,3.25,18741,5.11293,2302,0.65102,0.00013,2.06532,1.25573,2.59348,0.12732816604178035,0.1228322928338936,6.056512370917246e+33,4.574059641203267e-09,0.00027282055386585564,5.757426807164142e+37,4.348509673084699e-05,966.3354829077108,3.064229714953421e-05
2.075,3.85,26446,3.74821,3554,0.50434,9e-05,1.54773,1.20075,1.85844,0.13455489420283281,0.13438705286243666,7.998010172415855e+33,6.040336962779136e-09,0.00014173069651365045,1.048736963159773e+38,7.920974041992243e-05,1760.216453776054,5.581609759563845e-05
2.075,4.6,30373,2.12193,4414,0.30721,6e-05,1.13965,1.14412,1.3039,0.14477857422252383,0.14532644124716032,1.0594523166309451e+34,8.001301386835927e-09,6.986237776972969e-05,1.9773444874841316e+38,0.00014934626038399783,3318.805786311063,0.00010523864111843807
2.075,5.5,37714,1.22259,5782,0.19342,4e-05,0.80484,1.0887,0.87622,0.15820512191331518,0.15331176751339026,1.4427673116081258e+34,1.0896211098920971e-08,3.241740467730816e-05,3.8997001344224995e+38,0.000294539285077228,6545.317446160622,0.0002075506546854586
2.075,6.5,37698,0.588,5763,0.08832,3e-05,0.58229,1.03836,0.60462,0.15020408163265306,0.1528728314499443,2.2022456073739446e+34,1.6632018785393432e-08,1.559764443737068e-05,8.536684782608695e+38,0.0006447647116773938,14328.104703942085,0.0004543412196836024
2.075,7.5,37825,0.306,5435,0.04258,2e-05,0.43312,0.99647,0.43159,0.13915032679738562,0.14368803701255783,3.330231248319444e+34,2.5150904375194045e-08,8.089887640449438e-06,1.7766557069046503e+39,0.0013418849750035122,29819.66611118916,0.0009455754094111224
2.075,8.5,38358,0.17443,4923,0.02084,1e-05,0.33627,0.96082,0.32309,0.1194748609757496,0.12834350070389489,5.181195092564962e+34,3.912993801499102e-08,4.547421659106314e-06,3.681190019193858e+39,0.002780354999391131,61785.66665313625,0.001959210637149171
2.075,9.5,37702,0.1029,4157,0.01014,1e-05,0.27024,0.92994,0.2513,0.09854227405247813,0.11025940268420774,8.076346195052e+34,6.099498674610679e-08,2.72929818046788e-06,7.436291913214989e+39,0.005616534677654825,124811.88172566278,0.003957758806622995
2.075,10.5,37861,0.0634,3253,0.00467,1e-05,0.21627,0.90281,0.19525,0.07365930599369085,0.0859195478196561,1.3906291555053505e+35,1.0502448119517788e-07,1.6745463669739308e-06,1.621456102783726e+40,0.012246647301991886,272147.7178220419,0.00862974752099321
2.125,2.2,15077,16.42933,1245,1.24941,0.00029,3.69934,1.38479,5.1228,0.07604753206612808,0.08257610930556476,5.133782558188578e+33,3.8771864347017425e-09,0.0010896948995158188,2.413459152720084e+37,1.822854344954746e-05,405.0787433232769,1.2844962687825879e-05
2.125,2.7,22851,12.43166,2434,1.2291,0.0002,2.75167,1.31678,3.62333,0.09886853404935463,0.10651612620891865,5.582953504776984e+33,4.216413794106929e-09,0.0005440313334208568,3.71833048572126e+37,2.8084067112698334e-05,624.0903802821853,1.978977613781663e-05
2.125,3.25,18935,5.11945,2317,0.60678,0.00014,1.99803,1.25573,2.50899,0.11852445086874568,0.12236598890942699,6.725477334531754e+33,5.079282028949289e-09,0.00027036968576709796,6.241141764725271e+37,4.7138532966202945e-05,1047.52295480451,3.321673499506944e-05
2.125,3.85,26466,3.79089,3791,0.51606,9e-05,1.52048,1.20075,1.82571,0.13613162080672347,0.14324038388876295,8.047096066750966e+33,6.0774081011637826e-09,0.0001432362276127862,1.0256946866643415e+38,7.746938721029769e-05,1721.5419380066155,5.458973674551673e-05
2.125,4.6,30452,2.10562,4533,0.31494,6e-05,1.09167,1.14412,1.249,0.14957114769046645,0.1488572179167214,1.0705814921830141e+34,8.08535225574363e-09,6.914554052278997e-05,1.9338286657776087e+38,0.00014605956690163206,3245.7681533696014,0.00010292263297087777
2.125,5.5,37753,1.23964,5856,0.18409,4e-05,0.78561,1.0887,0.85529,0.14850279113290954,0.15511350091383466,1.574642558035162e+34,1.1892172479685536e-08,3.283553624877493e-05,4.101580748546907e+38,0.00030978706560021955,6884.157013338212,0.0002182951868765288
2.125,6.5,38093,0.60506,5782,0.08673,3e-05,0.56916,1.03836,0.59099,0.14334115624896704,0.1517864174520253,2.360907435566295e+34,1.7830280458925268e-08,1.5883758170792536e-05,8.784273031246396e+38,0.0006634647304566764,14743.66067681503,0.0004675184131410144
2.125,7.5,37919,0.31538,5365,0.04228,2e-05,0.42595,0.99647,0.42445,0.13406049844631873,0.14148579867612543,3.514816268992105e+34,2.6544945766876406e-08,8.317202457870725e-06,1.793708609271523e+39,0.0013547648106280383,30105.884680623072,0.0009546513407097625
2.125,8.5,37870,0.17465,4860,0.02074,1e-05,0.32525,0.96082,0.31251,0.11875178929287146,0.12833377343543703,5.3892200232620515e+34,4.070100463153879e-08,4.611829944547135e-06,3.651880424300867e+39,0.002758217843127543,61293.72984727873,0.0019436114233662713
2.125,9.5,37644,0.10285,4103,0.00999,1e-05,0.25731,0.92994,0.23929,0.09713174526008751,0.10899479332695781,8.604868816327715e+34,6.498654796713024e-08,2.732175114228031e-06,7.536336336336335e+39,0.005692096930767624,126491.04290594721,0.004011004658357027
2.125,10.5,37626,0.06461,3047,0.00464,1e-05,0.2104,0.90281,0.18995,0.07181550843522674,0.08098123637909956,1.4661299252979458e+35,1.1072652558703615e-07,1.717163663424228e-06,1.6218103448275862e+40,0.012249322846129803,272207.1743584401,0.008631632875394472
2.175,2.2,15308,16.53493,1318,1.35553,0.0003,3.62585,1.38479,5.02104,0.08197978461354236,0.08609877188398223,4.858805803203182e+33,3.6695157489639615e-09,0.0010801495949830154,2.258599957212308e+37,1.705891206353707e-05,379.0869347452682,1.2020767844535394e-05
2.175,2.7,22622,12.20112,2617,1.37036,0.0002,2.68347,1.31678,3.53353,0.11231427934484704,0.11568384758199983,5.039485940970689e+33,3.805970803542548e-09,0.0005393475377950668,3.3016141743775353e+37,2.493666294847081e-05,554.1480655215735,1.7571919885894645e-05
2.175,3.25,18980,5.02393,2471,0.62175,0.00014,1.91526,1.25573,2.40504,0.12375769566853041,0.13018967334035828,6.719477088999042e+33,5.074750463710476e-09,0.0002646959957850369,6.105347808604744e+37,4.611289885653129e-05,1024.7310857006953,3.249400956686629e-05
2.175,3.85,26115,3.64971,3778,0.51093,0.0001,1.44646,1.20075,1.73684,0.13999194456545863,0.1446678154317442,8.225591485761158e+33,6.212213190666232e-09,0.00013975531303848362,1.022253537666608e+38,7.720948169687371e-05,1715.766259930527,5.4406591195158773e-05
2.175,4.6,30210,2.07774,4678,0.3135,7e-05,1.05413,1.14412,1.20605,0.15088509630656388,0.15484938761999337,1.0990522463600082e+34,8.300371923268696e-09,6.877656405163853e-05,1.927272727272727e+38,0.00014556440538313645,3234.7645640696987,0.00010257371144310307
2.175,5.5,38066,1.25285,5871,0.18822,4e-05,0.76116,1.0887,0.82868,0.15023346769365845,0.1542321231545211,1.6064841555000856e+34,1.2132649765879355e-08,3.291257289970052e-05,4.044841143342897e+38,0.0003055015969292218,6788.924376204928,0.00021527537976296702
2.175,6.5,37921,0.60299,5873,0.08728,3e-05,0.54857,1.03836,0.56961,0.1447453523275676,0.15487460773713774,2.4257596225284863e+34,1.832006360945915e-08,1.5901215685240368e-05,8.689505041246564e+38,0.0006563070272844837,14584.60060632186,0.00046247465139275304
2.175,7.5,37825,0.31186,5518,0.04179,2e-05,0.40514,0.99647,0.40371,0.13400243699095749,0.14588235294117646,3.696985880699275e+34,2.7920745266213085e-08,8.244811632518177e-06,1.8102416846135436e+39,0.0013672520276537337,30383.378392305192,0.0009634506085840054
2.175,8.5,37879,0.17579,4923,0.01979,1e-05,0.31307,0.96082,0.30081,0.11257750725297229,0.12996647218775575,5.905900119870051e+34,4.46031275573601e-08,4.6408300113519365e-06,3.8280949974734714e+39,0.0028913104210524705,64251.3426900549,0.002037396711379214
2.175,9.5,37644,0.10398,4220,0.00984,1e-05,0.24816,0.92994,0.23078,0.0946335833814195,0.11210285835724153,9.15770272184046e+34,6.916171529220194e-08,2.7621931781957286e-06,7.651219512195121e+39,0.0057788667010537165,128419.26002341592,0.004072148022051494
2.175,10.5,37569,0.06487,2581,0.00398,1e-05,0.20131,0.90281,0.18174,0.061353476183135504,0.06870025819159413,1.7936607213463595e+35,1.3546263283334787e-07,1.726689557880167e-06,1.8878894472361807e+40,0.014258983740454536,316866.30534343416,0.01004776462910433
2.225,2.2,15263,15.99421,1420,1.43224,0.0003,3.48718,1.38479,4.82901,0.08954740496717249,0.09303544519426063,4.6250761344653013e+33,3.492996098833397e-09,0.0010479073576623206,2.131346701670111e+37,1.6097784755816545e-05,357.7285501292566,1.1343497911252428e-05
2.225,2.7,22748,11.92319,2698,1.26605,0.0002,2.57217,1.31678,3.38698,0.10618383167591894,0.11860383330402673,5.561077795251482e+33,4.199892602712395e-09,0.0005241423421839282,3.593538959756724e+37,2.7141532928676158e-05,603.1451761928035,1.9125608073084842e-05
2.225,3.25,18706,5.00159,2520,0.63605,0.00014,1.89951,1.25573,2.38527,0.12716956007989458,0.13471613386079334,6.593397828423846e+33,4.979531627840681e-09,0.0002673789158558751,5.881927521421273e+37,4.44254344518223e-05,987.2318767071622,3.130491745012564e-05
2.225,3.85,26460,3.70418,3891,0.49105,0.0001,1.41668,1.20075,1.70108,0.13256645195427869,0.14705215419501133,8.868938110502828e+33,6.698087841177273e-09,0.00013999168556311413,1.0776906628652887e+38,8.139657574511244e-05,1808.812794335832,5.7357077445961184e-05
2.225,4.6,30332,2.08598,4708,0.29739,7e-05,1.02615,1.14412,1.17405,0.14256608404682689,0.1552156138731373,1.194887951680479e+34,9.02415188943795e-09,6.877159435579586e-05,2.0398802918726254e+38,0.00015406950844959404,3423.7668544354233,0.00010856693475505528
2.225,5.5,38159,1.25671,6156,0.19144,4e-05,0.73831,1.0887,0.8038,0.15233426964056943,0.1613249823108572,1.633369264485129e+34,1.233569416573619e-08,3.2933515029219845e-05,3.986523192645215e+38,0.00030109691787350565,6691.042619411237,0.00021217156961603363
2.225,6.5,38233,0.60589,5962,0.08667,3e-05,0.52784,1.03836,0.54808,0.14304576738351846,0.15593858708445585,2.551003351986995e+34,1.9265941786775883e-08,1.5847304684434914e-05,8.822660666897424e+38,0.0006663640987082646,14808.09108240588,0.0004695614878997298
2.225,7.5,37400,0.30961,5450,0.04056,2e-05,0.39138,0.99647,0.39,0.1310035205581215,0.14572192513368984,3.9145552015374496e+34,2.9563893977323838e-08,8.278342245989305e-06,1.844181459566075e+39,0.0013928862987659175,30953.028861464834,0.0009815141064645114
2.225,8.5,37656,0.17699,4829,0.01913,2e-05,0.30413,0.96082,0.29221,0.1080852025538166,0.1282398555343106,6.332404963433393e+34,4.782421994889655e-08,4.700180582111749e-06,3.936853110297961e+39,0.002973454010799064,66076.75579553476,0.002095280181238418
2.225,9.5,37836,0.10463,4241,0.01039,1e-05,0.23762,0.92994,0.22097,0.09930230335467839,0.11208901575219368,9.114594619409921e+34,6.883614998421509e-08,2.7653557458505127e-06,7.283156881616938e+39,0.005500873777656297,122241.63950347327,0.003876256960409477
2.225,10.5,37867,0.06576,2279,0.00363,1e-05,0.19314,0.90281,0.17437,0.0552007299270073,0.06018432936329786,2.077846244117548e+35,1.5692517514670702e-07,1.7366044312990203e-06,2.0863360881542698e+40,0.015757825439231644,350173.89864959207,0.011103941484322427
2.275,2.2,15080,16.08567,1410,1.29974,0.0003,3.52727,1.38479,4.88453,0.08080111055367914,0.09350132625994695,5.067454809857467e+33,3.8270937314836234e-09,0.0010666889920424403,2.3204640928185638e+37,1.752616384304051e-05,389.47030762312244,1.2350022438582016e-05
2.275,2.7,22736,12.26982,2690,1.25367,0.00021,2.61862,1.31678,3.44814,0.10217509303314964,0.11831456720619282,5.676753851471629e+33,4.287254626894969e-09,0.0005396648486980999,3.6271108026833215e+37,2.7395096697003934e-05,608.7799266000875,1.9304284836380248e-05
2.275,3.25,18932,5.07303,2674,0.65025,0.00014,1.87382,1.25573,2.35301,0.1281778345485834,0.14124234100993027,6.631217801585187e+33,5.008094404943121e-09,0.0002679605958166068,5.822991157247212e+37,4.39802957496013e-05,977.3399055466955,3.0991245102317845e-05
2.275,3.85,26659,3.78301,4043,0.52601,0.0001,1.40774,1.20075,1.69034,0.13904536334823328,0.1516561011290746,8.509409340657038e+33,6.426560940002294e-09,0.00014190367230578792,1.0136309195642668e+38,7.655822655319234e-05,1701.2939234042742,5.3947676414392255e-05
2.275,4.6,30338,2.15917,4806,0.31292,7e-05,1.03657,1.14412,1.18596,0.14492605955066065,0.15841518887204167,1.1636261434634214e+34,8.788053345392503e-09,7.117047926692596e-05,1.939025949124377e+38,0.00014645211096105565,3254.4913546901257,0.0001031992438701841
2.275,5.5,37884,1.28124,6062,0.18768,5e-05,0.73689,1.0887,0.80225,0.146483094502201,0.16001478196600147,1.7018950059734488e+34,1.2853221100924768e-08,3.382008235666772e-05,4.037084398976981e+38,0.0003049157401040015,6775.905335644478,0.00021486254869496698
2.275,6.5,37686,0.61472,5947,0.08617,3e-05,0.52592,1.03836,0.5461,0.14017764185320145,0.15780395902987848,2.6126369780827627e+34,1.9731417401123497e-08,1.6311627660139046e-05,8.746895671347335e+38,0.0006606416670201914,14680.925933782031,0.0004655291074892831
2.275,7.5,37622,0.32339,5734,0.04204,2e-05,0.39203,0.99647,0.39064,0.12999783543090387,0.1524108234543618,3.938375883397476e+34,2.9743794905199572e-08,8.595768433363458e-06,1.7898192197906755e+39,0.0013518272052799663,30040.60456177703,0.0009525813217204791
2.275,8.5,37744,0.18107,4782,0.01871,2e-05,0.29852,0.96082,0.28683,0.10333020378859005,0.1266956337431115,6.748047591419004e+34,5.09632776332528e-08,4.797318779143705e-06,4.0346338856226617e+39,0.0030473065601379617,67717.92355862138,0.002147321269616355
2.275,9.5,37468,0.10892,4036,0.00937,1e-05,0.23955,0.92994,0.22277,0.086026441424899,0.10771858652716985,1.0436174509662924e+35,7.881711736019124e-08,2.9070139852674283e-06,7.997438633938101e+39,0.006040361505995543,134230.25568878985,0.004256413485819059
2.275,10.5,38033,0.06778,1697,0.00274,1e-05,0.18958,0.90281,0.17115,0.040424904101504865,0.044619146530644443,2.890707131448702e+35,2.1831486530086107e-07,1.7821365656140722e-06,2.7761313868613136e+40,0.020967759719496323,465950.2159888072,0.014775184423795256
2.325,2.2,14992,15.42327,1475,1.40825,0.0003,3.3877,1.38479,4.69125,0.09130683700667887,0.09838580576307364,4.669153156083335e+33,3.526284386438588e-09,0.0010287666755602989,2.1291674063554054e+37,1.6081324821415446e-05,357.3627738092321,1.1331899220231866e-05
2.325,2.7,22649,11.75,2854,1.29108,0.00021,2.49474,1.31678,3.28502,0.1098791489361702,0.12600997836549074,5.540853795191925e+33,4.184618831804187e-09,0.0005187867013996203,3.5085354896675652e+37,2.6499512761839612e-05,588.8780613742136,1.867320082997887e-05
2.325,3.25,18819,5.03136,2692,0.62533,0.00014,1.84464,1.25573,2.31637,0.12428647522737392,0.14304692066528507,6.947014294044492e+33,5.246593379687706e-09,0.0002673553323768532,6.018902019733579e+37,4.5459985043304974e-05,1010.2218898512217,3.203392598462778e-05
2.325,3.85,26408,3.76936,4112,0.529,0.0001,1.39145,1.20075,1.67078,0.14034212704544008,0.1557103907906695,8.529482318922344e+33,6.4417206547257335e-09,0.00014273553468645864,9.984120982986768e+37,7.540876875367649e-05,1675.7504167483664,5.3137697131797516e-05
2.325,4.6,30141,2.13974,5001,0.32217,7e-05,1.01171,1.14412,1.15752,0.15056502191855084,0.16592017517666965,1.1475652807634458e+34,8.666756897239225e-09,7.099100892472049e-05,1.8711239407766084e+38,0.00014132356048161693,3140.523566258154,9.958534900615658e-05
2.325,5.5,37703,1.28285,6077,0.18773,5e-05,0.72231,1.0887,0.78638,0.14633823128191137,0.1611808078932711,1.737959830949053e+34,1.3125593466876013e-08,3.402514388775429e-05,4.016726149256911e+38,0.0003033781079499177,6741.735732220393,0.0002137790376782215
2.325,6.5,37680,0.62636,6068,0.08843,3e-05,0.5201,1.03836,0.54005,0.14118079059965513,0.16104033970276008,2.6231336318462144e+34,1.981069127593244e-08,1.6623142250530785e-05,8.521994798145427e+38,0.0006436551962345488,14303.448805212196,0.00045355938626370486
2.325,7.5,37897,0.3304,5516,0.04044,2e-05,0.38449,0.99647,0.38314,0.12239709443099271,0.14555241839723462,4.264826739864725e+34,3.220924960248263e-08,8.718368208565323e-06,1.8742334322453018e+39,0.001415584163327267,31457.425851717046,0.000997508430102646
2.325,8.5,37713,0.18434,4888,0.0201,2e-05,0.2932,0.96082,0.28172,0.1090376478246718,0.12961047914512236,6.510822290648136e+34,4.917168107127962e-08,4.8879696656325405e-06,3.752537313432836e+39,0.002834242683861658,62983.170752481295,0.0019971832430391075
2.325,9.5,38120,0.1111,4136,0.00916,1e-05,0.23084,0.92994,0.21467,0.08244824482448244,0.10849947534102833,1.129996828685768e+35,8.534074682318313e-08,2.9144805876180484e-06,8.323144104803494e+39,0.0062863626169210665,139696.94704269036,0.004429761131490689
2.325,10.5,37804,0.06886,1304,0.00232,1e-05,0.18576,0.90281,0.1677,0.03369154806854487,0.034493704369907945,3.5397775173236284e+35,2.673346059454443e-07,1.821500370331182e-06,3.2589655172413793e+40,0.024614543181581412,546989.848479587,0.017344934312518615
2.375,2.2,15304,16.14381,1442,1.40318,0.0003,3.46606,1.38479,4.79976,0.08691752442577064,0.09422373235755357,4.794056248088134e+33,3.6206149445571585e-09,0.0010548751960271824,2.1813309767813105e+37,1.647530949230597e-05,366.11798871791046,1.160952526375921e-05
2.375,2.7,22841,12.10525,2960,1.3466,0.00021,2.53102,1.31678,3.33278,0.11124099047933748,0.12959152401383478,5.394590734499175e+33,4.074156585227079e-09,0.0005299789851582681,3.3923956631516406e+37,2.5622323739816015e-05,569.3849719959114,1.8055079020671977e-05
2.375,3.25,19002,5.10581,2728,0.62223,0.00015,1.83318,1.25573,2.30197,0.12186704949851247,0.14356383538574888,7.1292532054152e+33,5.384225666804017e-09,0.0002686985580465214,6.107709367918615e+37,4.6130735407240286e-05,1025.1274534942286,3.2506578307148293e-05
2.375,3.85,26426,3.82486,4163,0.538,0.0001,1.38962,1.20075,1.66859,0.14065874306510565,0.15753424657534246,8.521452489180645e+33,6.435656286670678e-09,0.00014473851509876637,9.823791821561338e+37,7.419782342568985e-05,1648.8405205708857,5.22843899217049e-05
2.375,4.6,30224,2.20001,5002,0.31373,7e-05,1.01735,1.14412,1.16398,0.1426038972550125,0.165497617787189,1.2049057666460505e+34,9.099809430149161e-09,7.279016675489677e-05,1.9267523029356452e+38,0.00014552509840903664,3233.89107575637,0.00010254601331038718
2.375,5.5,38092,1.3438,6287,0.19258,5e-05,0.73133,1.0887,0.7962,0.14331001637148383,0.1650477790612202,1.7527956098665671e+34,1.3237637715176851e-08,3.527774860863174e-05,3.9559663516460695e+38,0.00029878899936903845,6639.755541534188,0.00021054526704509727
2.375,6.5,37802,0.63409,5967,0.0856,3e-05,0.51043,1.03836,0.53001,0.1349966093141352,0.1578487910692556,2.795265545157233e+34,2.11106830689316e-08,1.6773980212687162e-05,8.832242990654203e+38,0.0006670878391732781,14824.174203850624,0.00047007148033519227
2.375,7.5,38166,0.34139,5644,0.04091,2e-05,0.38232,0.99647,0.38097,0.119833621371452,0.14788031231986584,4.380871694143936e+34,3.308565587300004e-08,8.944872399517895e-06,1.8658518699584457e+39,0.0014092536782163486,31316.748404807746,0.0009930475775243451
2.375,8.5,37654,0.18983,4708,0.01853,2e-05,0.29216,0.96082,0.28072,0.09761365432228837,0.12503319700430232,7.298709339964137e+34,5.512204017796342e-08,5.04142986136931e-06,4.0641122504047483e+39,0.003069571186106305,68212.69302458456,0.002163010306461966
2.375,9.5,37848,0.11352,3947,0.00891,1e-05,0.22885,0.92994,0.21282,0.07848837209302326,0.104285563305855,1.1973255089503561e+35,9.042561052415649e-08,2.9993658845909956e-06,8.495622895622895e+39,0.006416633606965932,142591.85793257627,0.004521558153620505
2.375,10.5,37686,0.06955,790,0.00154,1e-05,0.18083,0.90281,0.16325,0.022142343637670737,0.020962691715756515,5.532905073487003e+35,4.178615718969113e-07,1.845512922570716e-06,4.894285714285714e+40,0.03696590418644799,821464.537476622,0.026048469605423074
2.425,2.2,15028,14.82114,1548,1.38883,0.0003,3.23929,1.38479,4.48573,0.09370601721594965,0.10300771892467395,4.758054220359686e+33,3.5934251343249644e-09,0.0009862350279478307,2.164123758847375e+37,1.6345345610629718e-05,363.2299024584382,1.1517944649240175e-05
2.425,2.7,22673,11.58796,2841,1.26776,0.00021,2.4287,1.31678,3.19806,0.10940320815743236,0.12530322409914876,5.716277855411098e+33,4.317104339106636e-09,0.0005110907246504654,3.5768599734965607e+37,2.701555871220967e-05,600.345749160215,1.9036838824207728e-05
2.425,3.25,18863,5.09918,2776,0.67617,0.00015,1.82735,1.25573,2.29465,0.13260367353182279,0.14716641043312303,6.572914568625133e+33,4.96406205620809e-09,0.000270327095371892,5.579366135735096e+37,4.214022761129226e-05,936.4495024731614,2.9694618926723787e-05
2.425,3.85,26472,3.80934,4257,0.53832,0.00011,1.3635,1.20075,1.63723,0.14131581848824207,0.1608114233907525,8.644293886886997e+33,6.528429791471185e-09,0.00014390072529465095,9.83504235399019e+37,7.428279723557544e-05,1650.728827457232,5.234426774027245e-05
2.425,4.6,30093,2.16842,5048,0.32905,7e-05,0.98978,1.14412,1.13243,0.15174643288661793,0.16774665204532616,1.1638583821498174e+34,8.789807281548353e-09,7.205728907054797e-05,1.8290837258775258e+38,0.0001381483176644657,3069.962614765904,9.734787591216084e-05
2.425,5.5,37500,1.30741,6312,0.19175,5e-05,0.70731,1.0887,0.77005,0.14666401511385105,0.16832,1.7708733419247484e+34,1.337416616512913e-08,3.4864266666666664e-05,3.911342894393742e+38,0.00029541864761282034,6564.858835840452,0.00020817030808727968
2.425,6.5,37976,0.63589,5997,0.0837,3e-05,0.49664,1.03836,0.51569,0.13162653918130496,0.1579155255951127,2.9464415019878134e+34,2.2252409198608965e-08,1.6744522856540972e-05,9.074313022700118e+38,0.0006853710742220632,15230.46831604585,0.00048295498211713123
2.425,7.5,38094,0.34368,5551,0.04076,2e-05,0.37452,0.99647,0.3732,0.11859869646182496,0.14571848585079014,4.518647308848912e+34,3.412617860319396e-08,9.021893211529374e-06,1.8691854759568207e+39,0.0014117715075202572,31372.700167116825,0.000994821796268291
2.425,8.5,37546,0.18832,4713,0.01821,2e-05,0.28141,0.96082,0.27039,0.09669711129991505,0.12552602141373248,7.649373546080315e+34,5.7770361347936815e-08,5.0157140574228945e-06,4.1236683141131236e+39,0.003114553107336196,69212.2912741377,0.0021947073590226312
2.425,9.5,38122,0.11523,3893,0.00897,1e-05,0.22263,0.92994,0.20704,0.07784431137724551,0.10211951104349194,1.2409344905480916e+35,9.371909149974258e-08,3.0226640784848643e-06,8.49988851727982e+39,0.006419855375588987,142663.4527908664,0.004523828411683993
2.425,10.5,37697,0.06983,266,0.0005,1e-05,0.17473,0.90281,0.15774,0.007160246312473149,0.007056264424224739,1.7707620134398377e+36,1.3373325379048695e-06,1.8524020479083217e-06,1.5078799999999998e+41,0.11388821752265858,2530849.2782813017,0.08025270415656081
